match_id,team_a,team_b,score_a,score_b,event,format,map_played
2395992,HEROIC,The MongolZ,2,1,BLAST Bounty 2026 Season 2,bo3,
2395991,3DMAX,magic,2,1,BLAST Bounty 2026 Season 2,bo3,
2396006,OG,Spirit,2,1,BLAST Bounty 2026 Season 2,bo3,
2395994,Gentle Mates,paiN,2,0,BLAST Bounty 2026 Season 2,bo3,
2395997,SINNERS,FUT,2,1,BLAST Bounty 2026 Season 2,bo3,
2396000,FOKUS,Aurora,2,1,BLAST Bounty 2026 Season 2,bo3,
2395002,FURIA,Falcons,3,0,IEM Cologne Major 2026,bo5,
2395001,Spirit,Falcons,2,1,IEM Cologne Major 2026,bo3,
2395000,Aurora,FURIA,2,0,IEM Cologne Major 2026,bo3,
2394999,Falcons,Vitality,2,1,IEM Cologne Major 2026,bo3,
2394991,Natus Vincere,Falcons,2,1,IEM Cologne Major 2026,bo3,
2394984,PARIVISION,Legacy,2,0,IEM Cologne Major 2026,bo3,
2394983,Vitality,MOUZ,2,1,IEM Cologne Major 2026,bo3,
2394979,Natus Vincere,The MongolZ,2,1,IEM Cologne Major 2026,bo3,
2394977,Aurora,Spirit,2,1,IEM Cologne Major 2026,bo3,
2394976,Natus Vincere,Legacy,2,0,IEM Cologne Major 2026,bo3,
2394971,FURIA,MOUZ,2,1,IEM Cologne Major 2026,bo3,
2394900,Natus Vincere,Spirit,2,0,IEM Cologne Major 2026,bo3,
2394905,MOUZ,Legacy,2,0,IEM Cologne Major 2026,bo3,
2394225,Falcons,MOUZ,2,1,CS Asia Championships 2026,bo3,
2394222,The MongolZ,PARIVISION,2,0,CS Asia Championships 2026,bo3,
2394156,Spirit,Falcons,3,0,PGL Astana 2026,bo5,
2394174,Natus Vincere,Vitality,2,1,IEM Atlanta 2026,bo3,
2394152,FURIA,Falcons,2,1,PGL Astana 2026,bo3,
2394148,The MongolZ,Aurora,2,0,PGL Astana 2026,bo3,
2394142,The MongolZ,Falcons,2,1,PGL Astana 2026,bo3,
2394138,FURIA,Spirit,2,1,PGL Astana 2026,bo3,
2394132,PARIVISION,Aurora,2,0,PGL Astana 2026,bo3,
2394126,The MongolZ,Spirit,2,0,PGL Astana 2026,bo3,
2393350,Natus Vincere,Vitality,3,0,BLAST Rivals 2026 Season 1,bo5,
2393333,FUT,Astralis,2,0,BLAST Rivals 2026 Season 1,bo3,
2393319,Vitality,FUT,2,1,BLAST Rivals 2026 Season 1,bo3,
2393245,Spirit,Vitality,3,0,IEM Rio 2026,bo5,
2393244,Falcons,FURIA,2,0,IEM Rio 2026,bo3,
2393243,FURIA,Vitality,2,0,IEM Rio 2026,bo3,
2393242,Falcons,Spirit,2,0,IEM Rio 2026,bo3,
2393241,Vitality,Natus Vincere,2,0,IEM Rio 2026,bo3,
2393240,Spirit,MOUZ,2,0,IEM Rio 2026,bo3,
2393238,FURIA,MOUZ,2,0,IEM Rio 2026,bo3,
2393239,Natus Vincere,Aurora,2,1,IEM Rio 2026,bo3,
2393236,Vitality,Falcons,2,1,IEM Rio 2026,bo3,
2393230,MOUZ,Aurora,2,0,IEM Rio 2026,bo3,
2393228,Natus Vincere,FURIA,2,1,IEM Rio 2026,bo3,
2393226,Spirit,Falcons,2,0,IEM Rio 2026,bo3,
2393042,The MongolZ,PARIVISION,2,1,PGL Bucharest 2026,bo3,
2393023,Astralis,The MongolZ,2,0,PGL Bucharest 2026,bo3,
2391775,Vitality,Natus Vincere,3,0,BLAST Open Rotterdam 2026,bo5,
2391774,Natus Vincere,PARIVISION,2,1,BLAST Open Rotterdam 2026,bo3,
2391773,Vitality,Aurora,2,0,BLAST Open Rotterdam 2026,bo3,
2391772,PARIVISION,Falcons,2,0,BLAST Open Rotterdam 2026,bo3,
2391771,Aurora,The MongolZ,2,0,BLAST Open Rotterdam 2026,bo3,
2391770,The MongolZ,Spirit,2,0,BLAST Open Rotterdam 2026,bo3,
2391769,PARIVISION,Vitality,2,0,BLAST Open Rotterdam 2026,bo3,
2391768,Falcons,FURIA,2,1,BLAST Open Rotterdam 2026,bo3,
2391767,Natus Vincere,Aurora,2,0,BLAST Open Rotterdam 2026,bo3,
2391762,The MongolZ,Vitality,2,0,BLAST Open Rotterdam 2026,bo3,
2391761,PARIVISION,Spirit,2,0,BLAST Open Rotterdam 2026,bo3,
2391758,Aurora,FURIA,2,0,BLAST Open Rotterdam 2026,bo3,
2391757,Falcons,Natus Vincere,2,1,BLAST Open Rotterdam 2026,bo3,
2390817,MOUZ,The MongolZ,2,0,BLAST Open Rotterdam 2026,bo3,
2391141,Natus Vincere,Aurora,3,1,ESL Pro League Season 23 Finals,bo5,
2391134,The MongolZ,Natus Vincere,2,0,ESL Pro League Season 23 Finals,bo3,
2391129,G2,Aurora,2,0,ESL Pro League Season 23 Stage 2,bo3,
2391123,Spirit,G2,2,0,ESL Pro League Season 23 Stage 2,bo3,
2391121,MOUZ,The MongolZ,2,0,ESL Pro League Season 23 Stage 2,bo3,
2391111,Natus Vincere,G2,2,1,ESL Pro League Season 23 Stage 2,bo3,
2391109,The MongolZ,Aurora,2,0,ESL Pro League Season 23 Stage 2,bo3,
2389987,PARIVISION,Vitality,3,0,PGL Cluj-Napoca 2026,bo5,
2389986,MOUZ,The MongolZ,2,0,PGL Cluj-Napoca 2026,bo3,
2389985,Vitality,The MongolZ,2,0,PGL Cluj-Napoca 2026,bo3,
2389984,PARIVISION,MOUZ,2,0,PGL Cluj-Napoca 2026,bo3,
2389983,FURIA,The MongolZ,2,1,PGL Cluj-Napoca 2026,bo3,
2389981,MOUZ,Natus Vincere,2,1,PGL Cluj-Napoca 2026,bo3,
2389980,Falcons,PARIVISION,2,1,PGL Cluj-Napoca 2026,bo3,
2389979,Natus Vincere,G2,2,0,PGL Cluj-Napoca 2026,bo3,
2389975,FURIA,PARIVISION,2,1,PGL Cluj-Napoca 2026,bo3,
2389973,Natus Vincere,The MongolZ,2,1,PGL Cluj-Napoca 2026,bo3,
2389969,FURIA,Falcons,2,1,PGL Cluj-Napoca 2026,bo3,
2389967,MOUZ,Vitality,2,0,PGL Cluj-Napoca 2026,bo3,
2389964,FaZe,PARIVISION,2,1,PGL Cluj-Napoca 2026,bo3,
2389961,Vitality,The MongolZ,2,1,PGL Cluj-Napoca 2026,bo3,
2389957,Falcons,FaZe,2,1,PGL Cluj-Napoca 2026,bo3,
2389958,G2,PARIVISION,2,1,PGL Cluj-Napoca 2026,bo3,
2389955,Natus Vincere,MOUZ,2,0,PGL Cluj-Napoca 2026,bo3,
2389951,Vitality,G2,2,1,PGL Cluj-Napoca 2026,bo3,
2389949,MOUZ,PARIVISION,2,1,PGL Cluj-Napoca 2026,bo3,
2389666,FURIA,Vitality,3,1,IEM Kraków 2026,bo5,
2389665,Spirit,MOUZ,2,0,IEM Kraków 2026,bo3,
2389664,Vitality,MOUZ,2,0,IEM Kraków 2026,bo3,
2389663,Spirit,FURIA,2,1,IEM Kraków 2026,bo3,
2389662,G2,MOUZ,2,0,IEM Kraków 2026,bo3,
2389660,Falcons,MOUZ,2,0,IEM Kraków 2026,bo3,
2389659,G2,Spirit,2,1,IEM Kraków 2026,bo3,
2389655,MOUZ,FaZe,2,0,IEM Kraków 2026,bo3,
2389653,FURIA,Natus Vincere,2,1,IEM Kraków 2026,bo3,
2389647,Natus Vincere,Spirit,2,0,IEM Kraków 2026,bo3,
2389646,The MongolZ,FURIA,2,1,IEM Kraków 2026,bo3,
2389639,Natus Vincere,PARIVISION,2,1,IEM Kraków 2026,bo3,
2389638,The MongolZ,G2,2,0,IEM Kraków 2026,bo3,
2389279,Vitality,Falcons,2,1,BLAST Bounty 2026 Season 1 Finals,bo3,
2388128,Spirit,Vitality,2,0,StarLadder Budapest Major 2025,bo3,
2388127,FURIA,Natus Vincere,2,1,StarLadder Budapest Major 2025,bo3,
2388124,Vitality,The MongolZ,2,0,StarLadder Budapest Major 2025,bo3,
2388125,Spirit,Falcons,2,0,StarLadder Budapest Major 2025,bo3,
2388123,G2,Falcons,2,1,StarLadder Budapest Major 2025,bo3,
2388119,G2,The MongolZ,2,0,StarLadder Budapest Major 2025,bo3,
2388117,MOUZ,Falcons,2,1,StarLadder Budapest Major 2025,bo3,
2388115,Natus Vincere,Vitality,2,0,StarLadder Budapest Major 2025,bo3,
2388113,FURIA,G2,2,0,StarLadder Budapest Major 2025,bo3,
2388111,MOUZ,Spirit,2,1,StarLadder Budapest Major 2025,bo3,
2388109,paiN,Natus Vincere,13,8,StarLadder Budapest Major 2025,bo1,d2
2388099,paiN,G2,13,7,StarLadder Budapest Major 2025,bo1,d2
2388097,FURIA,Natus Vincere,13,2,StarLadder Budapest Major 2025,bo1,nuke
2387550,FURIA,Falcons,3,1,BLAST Rivals 2025 Season 2,bo5,
2387549,Falcons,Vitality,2,0,BLAST Rivals 2025 Season 2,bo3,
2387547,Spirit,Vitality,2,1,BLAST Rivals 2025 Season 2,bo3,
2387545,FURIA,Vitality,2,1,BLAST Rivals 2025 Season 2,bo3,
2387542,The MongolZ,Spirit,2,0,BLAST Rivals 2025 Season 2,bo3,
2387504,Spirit,Falcons,2,0,BLAST Rivals 2025 Season 2,bo3,
2387414,Vitality,FURIA,3,0,IEM Chengdu 2025,bo5,
2387413,MOUZ,Falcons,2,1,IEM Chengdu 2025,bo3,
2387411,Falcons,FURIA,2,0,IEM Chengdu 2025,bo3,
2387412,MOUZ,Vitality,2,1,IEM Chengdu 2025,bo3,
2387409,FURIA,The MongolZ,2,0,IEM Chengdu 2025,bo3,
2387408,Spirit,The MongolZ,2,1,IEM Chengdu 2025,bo3,
2387405,FURIA,MOUZ,2,1,IEM Chengdu 2025,bo3,
2387406,Vitality,G2,2,0,IEM Chengdu 2025,bo3,
2387397,Falcons,Spirit,2,0,IEM Chengdu 2025,bo3,
2387395,MOUZ,Vitality,2,1,IEM Chengdu 2025,bo3,
2387393,FURIA,G2,2,0,IEM Chengdu 2025,bo3,
2387384,G2,3DMAX,2,0,IEM Chengdu 2025,bo3,
2386809,FURIA,Natus Vincere,3,2,Thunderpick World Championship 2025,bo5,
2386808,Aurora,The MongolZ,2,1,Thunderpick World Championship 2025,bo3,
2386807,Natus Vincere,The MongolZ,2,1,Thunderpick World Championship 2025,bo3,
2386806,FURIA,Aurora,2,0,Thunderpick World Championship 2025,bo3,
2386802,Natus Vincere,Aurora,2,1,Thunderpick World Championship 2025,bo3,
2386800,FURIA,The MongolZ,2,0,Thunderpick World Championship 2025,bo3,
2385970,Falcons,Vitality,3,0,ESL Pro League Season 22,bo5,
2385967,MOUZ,Falcons,2,0,ESL Pro League Season 22,bo3,
2385966,FURIA,Vitality,2,1,ESL Pro League Season 22,bo3,
2385964,MOUZ,Natus Vincere,2,1,ESL Pro League Season 22,bo3,
2385963,3DMAX,Falcons,2,1,ESL Pro League Season 22,bo3,
2385961,G2,3DMAX,2,0,ESL Pro League Season 22,bo3,
2385960,The MongolZ,Natus Vincere,2,0,ESL Pro League Season 22,bo3,
2385958,Vitality,G2,2,0,ESL Pro League Season 22,bo3,
2385956,3DMAX,MOUZ,2,0,ESL Pro League Season 22,bo3,
2385954,FURIA,Aurora,2,1,ESL Pro League Season 22,bo3,
2385952,MOUZ,Falcons,2,1,ESL Pro League Season 22,bo3,
2385953,Spirit,G2,2,0,ESL Pro League Season 22,bo3,
2385945,FURIA,G2,2,0,ESL Pro League Season 22,bo3,
2385938,Falcons,Natus Vincere,2,0,ESL Pro League Season 22,bo3,
2385934,Aurora,Natus Vincere,2,0,ESL Pro League Season 22,bo3,
2385329,The MongolZ,FURIA,3,2,FISSURE Playground 2,bo5,
2385328,FURIA,Falcons,2,0,FISSURE Playground 2,bo3,
2385323,G2,The MongolZ,2,1,FISSURE Playground 2,bo3,
2385316,FaZe,The MongolZ,2,1,FISSURE Playground 2,bo3,
2385313,Aurora,FURIA,2,0,FISSURE Playground 2,bo3,
2385312,Falcons,FaZe,2,0,FISSURE Playground 2,bo3,
2385304,FURIA,G2,2,0,FISSURE Playground 2,bo3,
2384854,Vitality,MOUZ,2,0,BLAST Open London 2025 Finals,bo3,
2384850,MOUZ,FURIA,2,0,BLAST Open London 2025,bo3,
2384842,Vitality,FaZe,2,1,BLAST Open London 2025,bo3,
2384847,Spirit,FURIA,2,0,BLAST Open London 2025,bo3,
2384839,FaZe,Natus Vincere,2,0,BLAST Open London 2025,bo3,
2384388,The MongolZ,Aurora,3,0,Esports World Cup 2025,bo5,
2384387,Vitality,Falcons,2,1,Esports World Cup 2025,bo3,
2384386,Aurora,Falcons,2,0,Esports World Cup 2025,bo3,
2384385,The MongolZ,Vitality,2,1,Esports World Cup 2025,bo3,
2384383,Falcons,MOUZ,2,1,Esports World Cup 2025,bo3,
2384305,FaZe,Aurora,2,1,Esports World Cup 2025,bo3,
2384156,Spirit,The MongolZ,3,0,BLAST Bounty 2025 Season 2 Finals,bo5,
2384155,Vitality,The MongolZ,2,0,BLAST Bounty 2025 Season 2 Finals,bo3,
2384154,MOUZ,Spirit,2,0,BLAST Bounty 2025 Season 2 Finals,bo3,
2384151,The MongolZ,Aurora,2,0,BLAST Bounty 2025 Season 2 Finals,bo3,
2384146,paiN,The MongolZ,2,0,BLAST Bounty 2025 Season 2,bo3,
2383844,Spirit,MOUZ,3,0,IEM Cologne 2025,bo5,
2383842,Vitality,MOUZ,2,0,IEM Cologne 2025,bo3,
2383843,Spirit,Natus Vincere,2,1,IEM Cologne 2025,bo3,
2383840,MOUZ,FURIA,2,1,IEM Cologne 2025,bo3,
2383841,The MongolZ,Natus Vincere,2,0,IEM Cologne 2025,bo3,
2383839,FaZe,Natus Vincere,2,0,IEM Cologne 2025,bo3,
2383838,MOUZ,Spirit,2,1,IEM Cologne 2025,bo3,
2383830,The MongolZ,Vitality,2,0,IEM Cologne 2025,bo3,
2383836,FaZe,Aurora,2,0,IEM Cologne 2025,bo3,
2383828,Falcons,FURIA,2,1,IEM Cologne 2025,bo3,
2383833,Aurora,Spirit,2,0,IEM Cologne 2025,bo3,
2383832,Natus Vincere,MOUZ,2,0,IEM Cologne 2025,bo3,
2383825,Falcons,The MongolZ,2,0,IEM Cologne 2025,bo3,
2383762,Natus Vincere,FaZe,2,1,IEM Cologne 2025,bo3,
2382619,Vitality,The MongolZ,2,1,BLAST.tv Austin Major 2025,bo3,
2382618,MOUZ,Vitality,2,1,BLAST.tv Austin Major 2025,bo3,
2382615,FaZe,The MongolZ,2,0,BLAST.tv Austin Major 2025,bo3,
2382616,Natus Vincere,Vitality,2,0,BLAST.tv Austin Major 2025,bo3,
2382614,Spirit,MOUZ,2,1,BLAST.tv Austin Major 2025,bo3,
2382611,The MongolZ,G2,2,0,BLAST.tv Austin Major 2025,bo3,
2382609,Natus Vincere,G2,2,1,BLAST.tv Austin Major 2025,bo3,
2382607,Aurora,MOUZ,2,1,BLAST.tv Austin Major 2025,bo3,
2382602,MOUZ,Liquid,2,1,BLAST.tv Austin Major 2025,bo3,
2382600,Spirit,Natus Vincere,2,0,BLAST.tv Austin Major 2025,bo3,
2382598,Aurora,G2,13,4,BLAST.tv Austin Major 2025,bo1,inf
2382594,The MongolZ,Liquid,13,7,BLAST.tv Austin Major 2025,bo1,anc
2382695,MOUZ,Vitality,3,0,IEM Dallas 2025,bo5,
2382694,Vitality,Falcons,2,1,IEM Dallas 2025,bo3,
2382693,MOUZ,The MongolZ,2,0,IEM Dallas 2025,bo3,
2382691,The MongolZ,Aurora,2,0,IEM Dallas 2025,bo3,
2382681,Vitality,The MongolZ,2,1,IEM Dallas 2025,bo3,
2382689,MOUZ,Falcons,2,0,IEM Dallas 2025,bo3,
2382688,Liquid,Aurora,2,0,IEM Dallas 2025,bo3,
2382676,G2,The MongolZ,2,0,IEM Dallas 2025,bo3,
2382683,Liquid,MOUZ,2,0,IEM Dallas 2025,bo3,
2382380,Liquid,FaZe,2,0,IEM Dallas 2025,bo3,
2382244,The MongolZ,Aurora,2,0,PGL Astana 2025,bo3,
2382239,Natus Vincere,Aurora,2,0,PGL Astana 2025,bo3,
2382231,The MongolZ,Natus Vincere,2,0,PGL Astana 2025,bo3,
2382207,Spirit,GamerLegion,2,0,PGL Astana 2025,bo3,
2381918,Falcons,Vitality,3,2,BLAST Rivals 2025 Season 1,bo5,
2381917,Vitality,Spirit,2,0,BLAST Rivals 2025 Season 1,bo3,
2381916,Falcons,MOUZ,2,0,BLAST Rivals 2025 Season 1,bo3,
2381914,MOUZ,FaZe,2,0,BLAST Rivals 2025 Season 1,bo3,
2381913,Spirit,Falcons,2,1,BLAST Rivals 2025 Season 1,bo3,
2381911,MOUZ,Vitality,2,1,BLAST Rivals 2025 Season 1,bo3,
2381909,FaZe,Falcons,2,0,BLAST Rivals 2025 Season 1,bo3,
2381773,Falcons,Vitality,3,2,IEM Melbourne 2025,bo5,
2381772,Vitality,The MongolZ,2,0,IEM Melbourne 2025,bo3,
2381771,MOUZ,Falcons,2,0,IEM Melbourne 2025,bo3,
2381768,Vitality,Falcons,2,0,IEM Melbourne 2025,bo3,
2381766,MOUZ,The MongolZ,2,0,IEM Melbourne 2025,bo3,
2381760,Falcons,Natus Vincere,2,1,IEM Melbourne 2025,bo3,
2381756,FaZe,The MongolZ,2,0,IEM Melbourne 2025,bo3,
2381332,Falcons,G2,3,0,PGL Bucharest 2025,bo5,
2381329,Falcons,FaZe,2,1,PGL Bucharest 2025,bo3,
2381328,G2,Virtus.pro,2,0,PGL Bucharest 2025,bo3,
2381324,Falcons,The MongolZ,2,1,PGL Bucharest 2025,bo3,
2380134,MOUZ,Vitality,3,2,BLAST Open Lisbon 2025,bo5,
2380132,Vitality,Spirit,2,1,BLAST Open Lisbon 2025,bo3,
2380133,Eternal Fire,MOUZ,2,0,BLAST Open Lisbon 2025,bo3,
2380130,Spirit,Natus Vincere,2,0,BLAST Open Lisbon 2025,bo3,
2380131,MOUZ,G2,2,0,BLAST Open Lisbon 2025,bo3,
2380129,The MongolZ,G2,2,0,BLAST Open Lisbon 2025,bo3,
2380128,Eternal Fire,Natus Vincere,2,0,BLAST Open Lisbon 2025,bo3,
2380126,MOUZ,Vitality,2,0,BLAST Open Lisbon 2025,bo3,
2380124,Liquid,The MongolZ,2,0,BLAST Open Lisbon 2025,bo3,
2380123,FaZe,Spirit,2,0,BLAST Open Lisbon 2025,bo3,
2380119,The MongolZ,Natus Vincere,2,1,BLAST Open Lisbon 2025,bo3,
2380118,G2,Eternal Fire,2,0,BLAST Open Lisbon 2025,bo3,
2380114,Spirit,MOUZ,2,1,BLAST Open Lisbon 2025,bo3,
2380005,Eternal Fire,Liquid,2,0,BLAST Open Lisbon 2025,bo3,
2380001,MOUZ,Falcons,2,0,BLAST Open Lisbon 2025,bo3,
2380078,MOUZ,Vitality,3,0,ESL Pro League Season 21,bo5,
2380076,Vitality,The MongolZ,2,1,ESL Pro League Season 21,bo3,
2380077,Spirit,MOUZ,2,1,ESL Pro League Season 21,bo3,
2380073,Natus Vincere,The MongolZ,2,0,ESL Pro League Season 21,bo3,
2380074,MOUZ,G2,2,1,ESL Pro League Season 21,bo3,
2380075,Eternal Fire,Spirit,2,1,ESL Pro League Season 21,bo3,
2380070,Falcons,Eternal Fire,2,1,ESL Pro League Season 21,bo3,
2380067,G2,Natus Vincere,2,0,ESL Pro League Season 21,bo3,
2380059,Vitality,MOUZ,2,0,ESL Pro League Season 21,bo3,
2380057,Spirit,The MongolZ,2,0,ESL Pro League Season 21,bo3,
2380052,MOUZ,Falcons,2,0,ESL Pro League Season 21,bo3,
2380049,G2,The MongolZ,2,1,ESL Pro League Season 21,bo3,
2379365,Astralis,FaZe,2,1,PGL Cluj-Napoca 2025,bo3,
2379363,MOUZ,Astralis,2,1,PGL Cluj-Napoca 2025,bo3,
2379360,The MongolZ,Astralis,2,0,PGL Cluj-Napoca 2025,bo3,
2379357,MOUZ,Virtus.pro,2,1,PGL Cluj-Napoca 2025,bo3,
2379346,MOUZ,FaZe,2,0,PGL Cluj-Napoca 2025,bo3,
2379338,FaZe,Eternal Fire,2,1,PGL Cluj-Napoca 2025,bo3,
2378917,Vitality,Spirit,3,0,IEM Katowice 2025,bo5,
2378916,Natus Vincere,Spirit,2,0,IEM Katowice 2025,bo3,
2378915,Vitality,The MongolZ,2,0,IEM Katowice 2025,bo3,
2378913,The MongolZ,Eternal Fire,2,0,IEM Katowice 2025,bo3,
2378912,The MongolZ,Natus Vincere,2,0,IEM Katowice 2025,bo3,
2378909,Eternal Fire,FaZe,2,0,IEM Katowice 2025,bo3,
2378908,Liquid,Spirit,2,0,IEM Katowice 2025,bo3,
2378905,G2,FaZe,2,1,IEM Katowice 2025,bo3,
2378903,Natus Vincere,Spirit,2,1,IEM Katowice 2025,bo3,
2378902,MOUZ,Liquid,2,0,IEM Katowice 2025,bo3,
2378899,Vitality,FaZe,2,1,IEM Katowice 2025,bo3,
2378787,The MongolZ,Liquid,2,1,IEM Katowice 2025,bo3,
2378785,Natus Vincere,FURIA,2,0,IEM Katowice 2025,bo3,
2378459,Natus Vincere,Spirit,2,0,BLAST Bounty 2025 Season 1 Finals,bo3,
2377735,Spirit,FaZe,2,1,Perfect World Shanghai Major 2024,bo3,
2377734,G2,FaZe,2,0,Perfect World Shanghai Major 2024,bo3,
2377733,MOUZ,Spirit,2,1,Perfect World Shanghai Major 2024,bo3,
2377732,Vitality,FaZe,2,1,Perfect World Shanghai Major 2024,bo3,
2377731,G2,HEROIC,2,1,Perfect World Shanghai Major 2024,bo3,
2377730,Spirit,Liquid,2,0,Perfect World Shanghai Major 2024,bo3,
2377729,The MongolZ,MOUZ,2,0,Perfect World Shanghai Major 2024,bo3,
2377728,FaZe,FURIA,2,1,Perfect World Shanghai Major 2024,bo3,
2377727,HEROIC,Natus Vincere,2,1,Perfect World Shanghai Major 2024,bo3,
2377724,Spirit,HEROIC,2,1,Perfect World Shanghai Major 2024,bo3,
2377721,G2,FaZe,2,0,Perfect World Shanghai Major 2024,bo3,
2377718,The MongolZ,HEROIC,2,1,Perfect World Shanghai Major 2024,bo3,
2377715,MOUZ,FaZe,13,10,Perfect World Shanghai Major 2024,bo1,inf
2377712,Natus Vincere,Spirit,13,2,Perfect World Shanghai Major 2024,bo1,mrg
2377710,FaZe,HEROIC,13,8,Perfect World Shanghai Major 2024,bo1,anc
2377707,MOUZ,The MongolZ,16,13,Perfect World Shanghai Major 2024,bo1,mrg
2377705,Vitality,FURIA,16,13,Perfect World Shanghai Major 2024,bo1,mrg
2377699,Spirit,FURIA,13,6,Perfect World Shanghai Major 2024,bo1,d2
2377696,G2,The MongolZ,13,10,Perfect World Shanghai Major 2024,bo1,inf
2377047,G2,Spirit,2,1,Perfect World Shanghai Major 2024 Europe RMR B,bo3,
2377048,Eternal Fire,Astralis,2,1,Perfect World Shanghai Major 2024 Europe RMR B,bo3,
2377014,FaZe,Vitality,2,0,Perfect World Shanghai Major 2024 Europe RMR A,bo3,
2377012,Natus Vincere,MOUZ,2,1,Perfect World Shanghai Major 2024 Europe RMR A,bo3,
2376884,G2,Spirit,3,0,BLAST Premier World Final 2024,bo5,
2376883,G2,Vitality,2,1,BLAST Premier World Final 2024,bo3,
2376880,FaZe,Spirit,2,0,BLAST Premier World Final 2024,bo3,
2376881,MOUZ,Vitality,2,0,BLAST Premier World Final 2024,bo3,
2376879,G2,Spirit,2,0,BLAST Premier World Final 2024,bo3,
2376878,Liquid,Vitality,2,1,BLAST Premier World Final 2024,bo3,
2376874,Natus Vincere,FaZe,2,1,BLAST Premier World Final 2024,bo3,
2376877,Vitality,Spirit,2,0,BLAST Premier World Final 2024,bo3,
2376876,G2,Liquid,2,1,BLAST Premier World Final 2024,bo3,
2376873,MOUZ,FaZe,2,0,BLAST Premier World Final 2024,bo3,
2376509,Natus Vincere,MOUZ,3,1,IEM Rio 2024,bo5,
2376506,Vitality,MOUZ,2,1,IEM Rio 2024,bo3,
2376505,Virtus.pro,Natus Vincere,2,0,IEM Rio 2024,bo3,
2376501,FaZe,MOUZ,2,1,IEM Rio 2024,bo3,
2376497,MOUZ,Complexity,2,0,IEM Rio 2024,bo3,
2376498,FaZe,Liquid,2,0,IEM Rio 2024,bo3,
2376496,G2,Eternal Fire,2,0,IEM Rio 2024,bo3,
2376491,Natus Vincere,Liquid,2,1,IEM Rio 2024,bo3,
2375777,G2,Natus Vincere,3,1,BLAST Premier Fall Final 2024,bo5,
2375776,Natus Vincere,FaZe,2,1,BLAST Premier Fall Final 2024,bo3,
2375775,Vitality,G2,2,1,BLAST Premier Fall Final 2024,bo3,
2375774,FaZe,Liquid,2,0,BLAST Premier Fall Final 2024,bo3,
2375773,G2,Spirit,2,0,BLAST Premier Fall Final 2024,bo3,
2375772,Vitality,Liquid,2,0,BLAST Premier Fall Final 2024,bo3,
2375770,Natus Vincere,G2,2,0,BLAST Premier Fall Final 2024,bo3,
2375768,Spirit,Liquid,2,1,BLAST Premier Fall Final 2024,bo3,
2375766,G2,FaZe,2,1,BLAST Premier Fall Final 2024,bo3,
2375428,Eternal Fire,Natus Vincere,3,2,ESL Pro League Season 20,bo5,
2375427,Natus Vincere,G2,2,1,ESL Pro League Season 20,bo3,
2375425,G2,Liquid,2,1,ESL Pro League Season 20,bo3,
2375424,Natus Vincere,Spirit,2,0,ESL Pro League Season 20,bo3,
2375423,Vitality,Eternal Fire,2,1,ESL Pro League Season 20,bo3,
2375413,Liquid,Vitality,2,1,ESL Pro League Season 20,bo3,
2375397,Liquid,Virtus.pro,2,0,ESL Pro League Season 20,bo3,
2375021,Spirit,MOUZ,2,1,BetBoom Dacha Belgrade Season 2,bo3,
2374326,Vitality,Natus Vincere,3,1,IEM Cologne 2024,bo5,
2374324,Natus Vincere,MOUZ,2,0,IEM Cologne 2024,bo3,
2374322,MOUZ,G2,2,0,IEM Cologne 2024,bo3,
2374321,Liquid,FaZe,2,1,IEM Cologne 2024,bo3,
2374320,MOUZ,Vitality,2,0,IEM Cologne 2024,bo3,
2374311,Astralis,G2,2,1,IEM Cologne 2024,bo3,
2374315,FaZe,Vitality,2,1,IEM Cologne 2024,bo3,
2374309,G2,Spirit,2,0,IEM Cologne 2024,bo3,
2374306,Astralis,Natus Vincere,2,0,IEM Cologne 2024,bo3,
2374302,FaZe,Liquid,2,0,IEM Cologne 2024,bo3,
2373792,Vitality,Astralis,2,1,BLAST Premier Fall Groups 2024,bo3,
2373783,FaZe,G2,2,1,BLAST Premier Fall Groups 2024,bo3,
2373781,Vitality,Astralis,2,0,BLAST Premier Fall Groups 2024,bo3,
2373779,Spirit,HEROIC,2,0,BLAST Premier Fall Groups 2024,bo3,
2373772,Complexity,HEROIC,2,0,BLAST Premier Fall Groups 2024,bo3,
2373289,G2,Natus Vincere,2,1,Esports World Cup 2024,bo3,
2373288,MOUZ,Natus Vincere,2,1,Esports World Cup 2024,bo3,
2373287,G2,Virtus.pro,2,0,Esports World Cup 2024,bo3,
2373283,Natus Vincere,FaZe,2,0,Esports World Cup 2024,bo3,
2373286,Vitality,Virtus.pro,2,1,Esports World Cup 2024,bo3,
2373285,Spirit,G2,2,1,Esports World Cup 2024,bo3,
2373272,Virtus.pro,Complexity,2,0,Esports World Cup 2024,bo3,
2372746,Spirit,Natus Vincere,3,1,BLAST Premier Spring Final 2024,bo5,
2372745,Natus Vincere,Virtus.pro,2,0,BLAST Premier Spring Final 2024,bo3,
2372744,Spirit,Vitality,2,1,BLAST Premier Spring Final 2024,bo3,
2372743,Astralis,Virtus.pro,2,0,BLAST Premier Spring Final 2024,bo3,
2372742,FaZe,Vitality,2,1,BLAST Premier Spring Final 2024,bo3,
2372741,Virtus.pro,Spirit,2,0,BLAST Premier Spring Final 2024,bo3,
2372740,Vitality,G2,2,1,BLAST Premier Spring Final 2024,bo3,
2372736,FaZe,Natus Vincere,2,1,BLAST Premier Spring Final 2024,bo3,
2372739,Spirit,G2,2,1,BLAST Premier Spring Final 2024,bo3,
2372738,Vitality,Virtus.pro,2,1,BLAST Premier Spring Final 2024,bo3,
2372735,Natus Vincere,Astralis,2,0,BLAST Premier Spring Final 2024,bo3,
2372699,Astralis,HEROIC,13,6,YaLLa Compass 2024,bo1,nuke
2372350,G2,Vitality,2,1,IEM Dallas 2024,bo3,
2372349,Spirit,Vitality,2,0,IEM Dallas 2024,bo3,
2372346,FaZe,G2,2,0,IEM Dallas 2024,bo3,
2372344,FaZe,Spirit,2,0,IEM Dallas 2024,bo3,
2372338,G2,MOUZ,2,1,IEM Dallas 2024,bo3,
2372334,FaZe,Virtus.pro,2,1,IEM Dallas 2024,bo3,
2372336,Natus Vincere,Spirit,2,0,IEM Dallas 2024,bo3,
2372333,Complexity,MOUZ,2,1,IEM Dallas 2024,bo3,
2372330,G2,Vitality,2,0,IEM Dallas 2024,bo3,
2372004,Spirit,MOUZ,3,0,BetBoom Dacha Belgrade 2024,bo5,
2371995,MOUZ,Virtus.pro,2,1,BetBoom Dacha Belgrade 2024,bo3,
2371552,Vitality,MOUZ,3,0,ESL Pro League Season 19,bo5,
2371551,Astralis,Vitality,2,1,ESL Pro League Season 19,bo3,
2371549,Vitality,FaZe,2,0,ESL Pro League Season 19,bo3,
2371546,MOUZ,G2,2,1,ESL Pro League Season 19,bo3,
2371545,Natus Vincere,FaZe,2,0,ESL Pro League Season 19,bo3,
2371485,FaZe,Eternal Fire,2,1,ESL Pro League Season 19,bo3,
2371483,Virtus.pro,FaZe,2,0,ESL Pro League Season 19,bo3,
2370931,MOUZ,FaZe,2,0,IEM Chengdu 2024,bo3,
2370929,MOUZ,G2,2,1,IEM Chengdu 2024,bo3,
2370927,Virtus.pro,G2,2,0,IEM Chengdu 2024,bo3,
2370917,G2,HEROIC,2,0,IEM Chengdu 2024,bo3,
2370924,Cloud9,FaZe,2,0,IEM Chengdu 2024,bo3,
2370727,FaZe,Natus Vincere,2,1,PGL CS2 Major Copenhagen 2024,bo3,
2370726,Natus Vincere,G2,2,1,PGL CS2 Major Copenhagen 2024,bo3,
2370725,Vitality,FaZe,2,1,PGL CS2 Major Copenhagen 2024,bo3,
2370724,MOUZ,G2,2,0,PGL CS2 Major Copenhagen 2024,bo3,
2370722,Spirit,FaZe,2,1,PGL CS2 Major Copenhagen 2024,bo3,
2370721,Cloud9,Vitality,2,0,PGL CS2 Major Copenhagen 2024,bo3,
2370659,Virtus.pro,G2,2,1,PGL CS2 Major Copenhagen 2024,bo3,
2370656,Cloud9,Natus Vincere,2,1,PGL CS2 Major Copenhagen 2024,bo3,
2370650,Spirit,Natus Vincere,2,1,PGL CS2 Major Copenhagen 2024,bo3,
2370644,G2,Cloud9,13,9,PGL CS2 Major Copenhagen 2024,bo1,anb
2370640,Natus Vincere,G2,13,11,PGL CS2 Major Copenhagen 2024,bo1,nuke
2370634,Spirit,Cloud9,13,7,PGL CS2 Major Copenhagen 2024,bo1,anc
2369942,Vitality,ENCE,2,0,PGL CS2 Major Copenhagen 2024 Europe RMR B,bo3,
2369938,Spirit,MOUZ,2,0,PGL CS2 Major Copenhagen 2024 Europe RMR B,bo3,
2369936,Vitality,Cloud9,2,1,PGL CS2 Major Copenhagen 2024 Europe RMR B,bo3,
2369742,Virtus.pro,Natus Vincere,2,0,PGL CS2 Major Copenhagen 2024 Europe RMR A,bo3,
2369740,FaZe,G2,2,0,PGL CS2 Major Copenhagen 2024 Europe RMR A,bo3,
2369732,FaZe,Falcons,13,7,PGL CS2 Major Copenhagen 2024 Europe RMR A,bo1,nuke
2369505,MOUZ,FaZe,2,0,IEM Katowice 2024,bo3,
2369503,FaZe,G2,2,0,IEM Katowice 2024,bo3,
2369500,Monte,G2,2,1,IEM Katowice 2024,bo3,
2369496,Monte,Cloud9,2,0,IEM Katowice 2024,bo3,
2369415,MOUZ,Cloud9,2,1,IEM Katowice 2024,bo3,
2369482,Virtus.pro,Cloud9,2,1,IEM Katowice 2024 Play-in,bo3,
2368879,Natus Vincere,G2,2,0,BLAST Premier Spring Groups 2024,bo3,
2368866,Vitality,Falcons,2,1,BLAST Premier Spring Groups 2024,bo3,
2368882,Virtus.pro,Cloud9,2,1,BLAST Premier Spring Groups 2024,bo3,
2368876,G2,Natus Vincere,2,1,BLAST Premier Spring Groups 2024,bo3,
2368875,Natus Vincere,Complexity,2,0,BLAST Premier Spring Groups 2024,bo3,
2369248,Natus Vincere,Virtus.pro,2,0,PGL CS2 Major Copenhagen 2024 Europe RMR Closed Qualifier A,bo3,
2368527,FaZe,Vitality,2,0,BLAST Premier World Final 2023,bo3,
2368526,Vitality,Natus Vincere,2,0,BLAST Premier World Final 2023,bo3,
2368525,FaZe,MOUZ,2,0,BLAST Premier World Final 2023,bo3,
2368599,Monte,Virtus.pro,13,6,ESL Challenger Atlanta 2023,bo1,mrg
2368524,Natus Vincere,G2,2,1,BLAST Premier World Final 2023,bo3,
2368522,FaZe,G2,2,1,BLAST Premier World Final 2023,bo3,
2368519,ENCE,Natus Vincere,2,1,BLAST Premier World Final 2023,bo3,
2368518,MOUZ,G2,2,0,BLAST Premier World Final 2023,bo3,
2368516,Vitality,Natus Vincere,2,0,BLAST Premier World Final 2023,bo3,
2368328,MOUZ,Complexity,2,1,Elisa Masters Espoo 2023,bo3,
2368041,Vitality,FaZe,2,0,BLAST Premier Fall Final 2023,bo3,
2368239,Monte,Virtus.pro,2,1,ESL Challenger Jönköping 2023,bo3,
2368040,FaZe,Complexity,2,1,BLAST Premier Fall Final 2023,bo3,
2368038,Natus Vincere,Complexity,2,1,BLAST Premier Fall Final 2023,bo3,
2368036,Vitality,Complexity,2,1,BLAST Premier Fall Final 2023,bo3,
2368032,Complexity,Astralis,2,0,BLAST Premier Fall Final 2023,bo3,
2367848,MOUZ,FaZe,2,0,CS Asia Championships 2023,bo3,
2367847,FaZe,ENCE,2,1,CS Asia Championships 2023,bo3,
2367842,MOUZ,FaZe,2,1,CS Asia Championships 2023,bo3,
2367606,FaZe,MOUZ,2,1,Thunderpick World Championship 2023,bo3,
2367600,Complexity,MOUZ,2,1,Thunderpick World Championship 2023,bo3,
2367582,Monte,FaZe,2,0,Thunderpick World Championship 2023,bo3,
2367262,MOUZ,FaZe,2,0,IEM Sydney 2023,bo3,
2367260,ENCE,FaZe,2,0,IEM Sydney 2023,bo3,
2367258,G2,ENCE,2,0,IEM Sydney 2023,bo3,
2367253,Natus Vincere,FaZe,2,1,IEM Sydney 2023,bo3,
2367247,Vitality,FaZe,2,1,IEM Sydney 2023,bo3,
2367244,Natus Vincere,MOUZ,2,1,IEM Sydney 2023,bo3,
2366934,Cloud9,G2,2,1,BLAST Premier Fall Showdown 2023 Europe,bo3,
2366112,Natus Vincere,FaZe,2,0,ESL Pro League Season 18,bo3,
2366074,GamerLegion,Astralis,2,0,ESL Pro League Season 18,bo3,
2365799,ENCE,Vitality,2,1,Gamers8 2023,bo3,
2365798,Vitality,G2,2,1,Gamers8 2023,bo3,
2365797,HEROIC,ENCE,2,0,Gamers8 2023,bo3,
2365795,Cloud9,ENCE,2,0,Gamers8 2023,bo3,
2365794,GamerLegion,HEROIC,2,1,Gamers8 2023,bo3,
2365793,Vitality,Natus Vincere,2,0,Gamers8 2023,bo3,
2365565,ENCE,G2,3,1,IEM Cologne 2023,bo5,
2365564,G2,Astralis,2,0,IEM Cologne 2023,bo3,
2365563,ENCE,Vitality,2,1,IEM Cologne 2023,bo3,
2365562,HEROIC,Astralis,2,0,IEM Cologne 2023,bo3,
2365560,ENCE,HEROIC,2,1,IEM Cologne 2023,bo3,
2365558,Vitality,G2,2,1,IEM Cologne 2023,bo3,
2365551,G2,FaZe,2,0,IEM Cologne 2023,bo3,
2365544,FaZe,Ninjas in Pyjamas,2,1,IEM Cologne 2023,bo3,
2365241,Liquid,FaZe,2,0,BLAST Premier Fall Groups 2023,bo3,
2365240,FaZe,G2,2,0,BLAST Premier Fall Groups 2023,bo3,
2365238,FaZe,Liquid,2,1,BLAST Premier Fall Groups 2023,bo3,
2365229,G2,Liquid,2,1,BLAST Premier Fall Groups 2023,bo3,
2364753,HEROIC,Vitality,2,1,BLAST Premier Spring Final 2023,bo3,
2364752,G2,Vitality,2,1,BLAST Premier Spring Final 2023,bo3,
2364750,Vitality,FaZe,2,0,BLAST Premier Spring Final 2023,bo3,
2364716,HEROIC,FaZe,2,0,BLAST Premier Spring Final 2023,bo3,
2364714,Vitality,Cloud9,2,0,BLAST Premier Spring Final 2023,bo3,
2364710,G2,Cloud9,2,0,BLAST Premier Spring Final 2023,bo3,
2364489,G2,FaZe,2,1,IEM Dallas 2023,bo3,
2364487,FaZe,Cloud9,2,1,IEM Dallas 2023,bo3,
2364485,G2,HEROIC,2,0,IEM Dallas 2023,bo3,
2364483,FaZe,Liquid,2,0,IEM Dallas 2023,bo3,
2364579,Apeks,Monte,2,1,ESL Challenger League Season 45 Europe,bo3,
2364286,HEROIC,FaZe,2,1,BLAST.tv Paris Major 2023,bo3,
2363890,FaZe,Natus Vincere,2,1,BLAST.tv Paris Major 2023,bo3,
2363882,FURIA,G2,2,0,BLAST.tv Paris Major 2023,bo3,
2363880,HEROIC,Liquid,2,1,BLAST.tv Paris Major 2023,bo3,
2363870,Vitality,ENCE,16,13,BLAST.tv Paris Major 2023,bo1,vtg
2363868,Liquid,Natus Vincere,16,8,BLAST.tv Paris Major 2023,bo1,inf
2363866,Vitality,G2,16,13,BLAST.tv Paris Major 2023,bo1,nuke
2363864,HEROIC,FaZe,16,7,BLAST.tv Paris Major 2023,bo1,inf
2363847,ENCE,FaZe,2,1,BLAST.tv Paris Major 2023 Challengers Stage,bo3,
2363567,Vitality,HEROIC,2,0,IEM Rio 2023,bo3,
2363565,Natus Vincere,HEROIC,2,0,IEM Rio 2023,bo3,
2363566,Cloud9,Vitality,2,1,IEM Rio 2023,bo3,
2363558,Vitality,FaZe,2,0,IEM Rio 2023,bo3,
2363538,FaZe,Cloud9,2,0,BLAST.tv Paris Major 2023 Challengers Europe Last Chance Qualifier,bo3,
2363196,Cloud9,ENCE,2,0,BLAST.tv Paris Major 2023 Europe RMR B,bo3,
2363197,G2,Vitality,2,0,BLAST.tv Paris Major 2023 Europe RMR B,bo3,
2363192,Cloud9,G2,2,0,BLAST.tv Paris Major 2023 Europe RMR B,bo3,
2363162,FaZe,MOUZ,2,1,BLAST.tv Paris Major 2023 Europe RMR A,bo3,
2363156,Virtus.pro,MOUZ,2,0,BLAST.tv Paris Major 2023 Europe RMR A,bo3,
2363151,FaZe,Natus Vincere,2,0,BLAST.tv Paris Major 2023 Europe RMR A,bo3,
